<?xml version="1.0" encoding="UTF-8"?><bookmarks><file xmlns="http://www.w3.org/1999/xhtml" absolutepath="/MATLAB Drive/untitled.m"></file><file xmlns="http://www.w3.org/1999/xhtml" absolutepath="/MATLAB Drive/2.m"></file><file xmlns="http://www.w3.org/1999/xhtml" absolutepath="/MATLAB Drive/ex1.m"></file><file xmlns="http://www.w3.org/1999/xhtml" absolutepath="/MATLAB Drive/sampe.m"></file><file xmlns="http://www.w3.org/1999/xhtml" absolutepath="/MATLAB Drive/src.m"></file><file xmlns="http://www.w3.org/1999/xhtml" absolutepath="/MATLAB Drive/srcc.m"></file><file xmlns="http://www.w3.org/1999/xhtml" absolutepath="/MATLAB Drive/nsrcc.m"></file><file xmlns="http://www.w3.org/1999/xhtml" absolutepath="/MATLAB Drive/svn.m"></file><file xmlns="http://www.w3.org/1999/xhtml" absolutepath="/MATLAB Drive/untitled3.m"></file><file xmlns="http://www.w3.org/1999/xhtml" absolutepath="/MATLAB Drive/ex2.m"></file><file xmlns="http://www.w3.org/1999/xhtml" absolutepath="/MATLAB Drive/p.m"></file><file xmlns="http://www.w3.org/1999/xhtml" absolutepath="/MATLAB Drive/ex3.m"></file><file xmlns="http://www.w3.org/1999/xhtml" absolutepath="/MATLAB Drive/noise.m"></file><file xmlns="http://www.w3.org/1999/xhtml" absolutepath="/MATLAB Drive/pn.m"></file><file xmlns="http://www.w3.org/1999/xhtml" absolutepath="/MATLAB Drive/untitled5.m"></file><file xmlns="http://www.w3.org/1999/xhtml" absolutepath="/MATLAB Drive/sh.m"></file><file xmlns="http://www.w3.org/1999/xhtml" absolutepath="/MATLAB Drive/untitled2.m"></file><file xmlns="http://www.w3.org/1999/xhtml" absolutepath="/MATLAB Drive/ex 3 fft.m"></file><file xmlns="http://www.w3.org/1999/xhtml" absolutepath="/MATLAB Drive/fft.m"></file><file xmlns="http://www.w3.org/1999/xhtml" absolutepath="/MATLAB Drive/discretetime.m"></file><file xmlns="http://www.w3.org/1999/xhtml" absolutepath="/MATLAB Drive/untitled4.m"></file><file xmlns="http://www.w3.org/1999/xhtml" absolutepath="/MATLAB Drive/avfe.m"></file><file xmlns="http://www.w3.org/1999/xhtml" absolutepath="/MATLAB Drive/rtex3.m"></file><file xmlns="http://www.w3.org/1999/xhtml" absolutepath="/MATLAB Drive/dsp3.m"></file><file xmlns="http://www.w3.org/1999/xhtml" absolutepath="/MATLAB Drive/ccdspex3.m"></file><file xmlns="http://www.w3.org/1999/xhtml" absolutepath="/MATLAB Drive/accex3.m"></file><file xmlns="http://www.w3.org/1999/xhtml" absolutepath="/MATLAB Drive/rtaex3.m"></file><file xmlns="http://www.w3.org/1999/xhtml" absolutepath="/MATLAB Drive/calculationofdft.m"></file><file xmlns="http://www.w3.org/1999/xhtml" absolutepath="/MATLAB Drive/calculation.m"></file><file xmlns="http://www.w3.org/1999/xhtml" absolutepath="/MATLAB Drive/module4.m"></file><file xmlns="http://www.w3.org/1999/xhtml" absolutepath="/MATLAB Drive/caodsig.m"></file><file xmlns="http://www.w3.org/1999/xhtml" absolutepath="/MATLAB Drive/ctpr.m"></file><file xmlns="http://www.w3.org/1999/xhtml" absolutepath="/MATLAB Drive/ctprhc.m"></file><file xmlns="http://www.w3.org/1999/xhtml" absolutepath="/MATLAB Drive/prct.m"></file><file xmlns="http://www.w3.org/1999/xhtml" absolutepath="/MATLAB Drive/dspqa.m"></file><file xmlns="http://www.w3.org/1999/xhtml" absolutepath="/MATLAB Drive/comthepro.m"></file><file xmlns="http://www.w3.org/1999/xhtml" absolutepath="/MATLAB Drive/cap.m"></file><file xmlns="http://www.w3.org/1999/xhtml" absolutepath="/MATLAB Drive/ctmc.m"></file><file xmlns="http://www.w3.org/1999/xhtml" absolutepath="/MATLAB Drive/noiseanalysis.m"></file><file xmlns="http://www.w3.org/1999/xhtml" absolutepath="/MATLAB Drive/noiseanalysispro.m"></file><file xmlns="http://www.w3.org/1999/xhtml" absolutepath="/MATLAB Drive/dtsg.m"></file><file xmlns="http://www.w3.org/1999/xhtml" absolutepath="/MATLAB Drive/stc.m"></file><file xmlns="http://www.w3.org/1999/xhtml" absolutepath="/MATLAB Drive/convl.m"></file><file xmlns="http://www.w3.org/1999/xhtml" absolutepath="/MATLAB Drive/dftex.m"></file><file xmlns="http://www.w3.org/1999/xhtml" absolutepath="/MATLAB Drive/bwiv.m"></file><file xmlns="http://www.w3.org/1999/xhtml" absolutepath="/MATLAB Drive/bwbt.m"></file><file xmlns="http://www.w3.org/1999/xhtml" absolutepath="/MATLAB Drive/chfiv.m"></file><file xmlns="http://www.w3.org/1999/xhtml" absolutepath="/MATLAB Drive/chbt.m"></file><file xmlns="http://www.w3.org/1999/xhtml" absolutepath="/MATLAB Drive/lpfr.m"></file><file xmlns="http://www.w3.org/1999/xhtml" absolutepath="/MATLAB Drive/hpfham.m"></file><file xmlns="http://www.w3.org/1999/xhtml" absolutepath="/MATLAB Drive/bpfhan.m"></file><file xmlns="http://www.w3.org/1999/xhtml" absolutepath="/MATLAB Drive/bsfbm.m"></file><file xmlns="http://www.w3.org/1999/xhtml" absolutepath="/MATLAB Drive/exxx3.m"></file><file xmlns="http://www.w3.org/1999/xhtml" absolutepath="/MATLAB Drive/ep.m"></file><file xmlns="http://www.w3.org/1999/xhtml" absolutepath="/MATLAB Drive/image.m"></file><file xmlns="http://www.w3.org/1999/xhtml" absolutepath="/MATLAB Drive/imagepro.m"></file><file xmlns="http://www.w3.org/1999/xhtml" absolutepath="/MATLAB Drive/imgpro.m"></file><file xmlns="http://www.w3.org/1999/xhtml" absolutepath="/MATLAB Drive/nature.m"></file><file xmlns="http://www.w3.org/1999/xhtml" absolutepath="/MATLAB Drive/nature_gray.m"></file><file xmlns="http://www.w3.org/1999/xhtml" absolutepath="/MATLAB Drive/imageoperations.m"></file><file xmlns="http://www.w3.org/1999/xhtml" absolutepath="/MATLAB Drive/and.m"></file><file xmlns="http://www.w3.org/1999/xhtml" absolutepath="/MATLAB Drive/operations.m"></file><file xmlns="http://www.w3.org/1999/xhtml" absolutepath="/MATLAB Drive/smoothingfilter.m"></file><file xmlns="http://www.w3.org/1999/xhtml" absolutepath="/MATLAB Drive/sharpeningfilter.m"></file><file xmlns="http://www.w3.org/1999/xhtml" absolutepath="/MATLAB Drive/spatialdomain.m"></file><file xmlns="http://www.w3.org/1999/xhtml" absolutepath="/MATLAB Drive/spatialfreq.m"></file><file xmlns="http://www.w3.org/1999/xhtml" absolutepath="/MATLAB Drive/colourbinary.m"></file><file xmlns="http://www.w3.org/1999/xhtml" absolutepath="/MATLAB Drive/grayim.m"></file><file xmlns="http://www.w3.org/1999/xhtml" absolutepath="/MATLAB Drive/colour.m"></file><file xmlns="http://www.w3.org/1999/xhtml" absolutepath="/MATLAB Drive/colourchannel.m"></file><file xmlns="http://www.w3.org/1999/xhtml" absolutepath="/MATLAB Drive/colourim.m"></file><file xmlns="http://www.w3.org/1999/xhtml" absolutepath="/MATLAB Drive/colourimgshsm.m"></file><file xmlns="http://www.w3.org/1999/xhtml" absolutepath="/MATLAB Drive/colimshsm.m"></file><file xmlns="http://www.w3.org/1999/xhtml" absolutepath="/MATLAB Drive/aaa.m"></file><file xmlns="http://www.w3.org/1999/xhtml" absolutepath="/MATLAB Drive/abc.m"></file><file xmlns="http://www.w3.org/1999/xhtml" absolutepath="/MATLAB Drive/aabbcc.m"></file><file xmlns="http://www.w3.org/1999/xhtml" absolutepath="/MATLAB Drive/xxyyzz.m"></file><file xmlns="http://www.w3.org/1999/xhtml" absolutepath="/MATLAB Drive/rrgg.m"></file><file xmlns="http://www.w3.org/1999/xhtml" absolutepath="/MATLAB Drive/ssii.m"></file><file xmlns="http://www.w3.org/1999/xhtml" absolutepath="/MATLAB Drive/dd.m"></file><file xmlns="http://www.w3.org/1999/xhtml" absolutepath="/MATLAB Drive/nnnnn.m"></file></bookmarks>